date,code,name,close,volume
115/06/30,4577,,92.2,341000.0
115/07/17,2049,上銀,306.0,2852114.0
115/07/17,2308,台達電,1740.0,14248513.0
115/07/17,2317,鴻海,234.0,69006897.0
115/07/17,2330,台積電,2290.0,97362670.0
115/07/17,2337,旺宏,125.0,68546901.0
115/07/17,2344,華邦電,155.0,110525648.0
115/07/17,2376,技嘉,325.0,8552370.0
115/07/17,2379,瑞昱,718.0,7045073.0
115/07/17,2382,廣達,325.5,33474930.0
115/07/17,2408,南亞科,395.5,82626113.0
115/07/17,2454,聯發科,3370.0,10967157.0
115/07/17,2634,漢翔,61.2,37076047.0
115/07/17,3005,神基,110.0,6620178.0
115/07/17,3006,晶豪科,198.0,11459777.0
115/07/17,3017,奇鋐,2200.0,5543230.0
115/07/17,3034,聯詠,460.5,5508622.0
115/07/17,3035,智原,184.0,7282714.0
115/07/17,3037,欣興,794.0,30076422.0
115/07/17,3231,緯創,139.0,38762694.0
115/07/17,3260,,366.5,11512000.0
115/07/17,3443,創意,3835.0,2361511.0
115/07/17,3583,辛耘,747.0,1414605.0
115/07/17,3653,健策,3210.0,1110713.0
115/07/17,3661,世芯-KY,3480.0,2162718.0
115/07/17,3711,日月光投控,614.0,27892135.0
115/07/17,4577,,70.0,486000.0
115/07/17,4938,和碩,82.2,15671687.0
115/07/17,4966,,585.0,1727000.0
115/07/17,4967,十銓,209.0,3409697.0
115/07/17,5269,祥碩,1435.0,703710.0
115/07/17,5347,,169.0,31486000.0
115/07/17,5371,,81.5,30116000.0
115/07/17,6415,矽力*-KY,435.0,8284139.0
115/07/17,6488,,1240.0,11242000.0
115/07/17,6531,愛普*,819.0,3134508.0
115/07/17,6669,緯穎,4620.0,1627532.0
115/07/17,8033,雷虎,219.0,3089355.0
115/07/17,8046,南電,1150.0,16446877.0
115/07/17,8299,,1785.0,6919000.0
115/07/20,2049,上銀,300.0,2284977.0
115/07/20,2303,聯電,130.0,297589744.0
115/07/20,2308,台達電,1705.0,11567901.0
115/07/20,2317,鴻海,234.5,48579978.0
115/07/20,2330,台積電,2320.0,55790346.0
115/07/20,2337,旺宏,117.5,71475589.0
115/07/20,2344,華邦電,151.0,107223362.0
115/07/20,2376,技嘉,331.0,7450480.0
115/07/20,2379,瑞昱,709.0,4306249.0
115/07/20,2382,廣達,316.0,36017076.0
115/07/20,2408,南亞科,381.0,73602466.0
115/07/20,2454,聯發科,3340.0,9227986.0
115/07/20,2634,漢翔,65.0,86889053.0
115/07/20,3005,神基,109.5,3702385.0
115/07/20,3006,晶豪科,188.5,8543683.0
115/07/20,3014,聯陽,124.0,1381874.0
115/07/20,3017,奇鋐,2135.0,4416999.0
115/07/20,3034,聯詠,458.0,4215309.0
115/07/20,3035,智原,182.5,5623259.0
115/07/20,3037,欣興,750.0,30661875.0
115/07/20,3081,,1435.0,2570000.0
115/07/20,3094,聯傑,35.65,2033047.0
115/07/20,3231,緯創,143.5,51717481.0
115/07/20,3260,,348.5,8796000.0
115/07/20,3443,創意,3745.0,1809521.0
115/07/20,3583,辛耘,728.0,1298862.0
115/07/20,3653,健策,3200.0,1510316.0
115/07/20,3661,世芯-KY,3365.0,2061321.0
115/07/20,3711,日月光投控,597.0,30646403.0
115/07/20,4577,,69.0,398000.0
115/07/20,4938,和碩,80.0,11806419.0
115/07/20,4966,,567.0,2039000.0
115/07/20,4967,十銓,208.5,2764713.0
115/07/20,5269,祥碩,1470.0,1285723.0
115/07/20,5347,,152.5,36278000.0
115/07/20,5371,,83.8,38200000.0
115/07/20,6415,矽力*-KY,427.5,6790313.0
115/07/20,6488,,1265.0,12124000.0
115/07/20,6531,愛普*,780.0,3373745.0
115/07/20,6669,緯穎,4685.0,1414812.0
115/07/20,8033,雷虎,204.5,27186589.0
115/07/20,8046,南電,1105.0,18077328.0
115/07/20,8299,,1735.0,4796000.0
115/07/21,2049,上銀,305.0,1758238.0
115/07/21,2303,聯電,134.5,259729470.0
115/07/21,2308,台達電,1835.0,11082972.0
115/07/21,2317,鴻海,246.0,51471036.0
115/07/21,2330,台積電,2410.0,31605663.0
115/07/21,2337,旺宏,123.0,45753444.0
115/07/21,2344,華邦電,155.5,104783854.0
115/07/21,2376,技嘉,341.0,4891236.0
115/07/21,2379,瑞昱,753.0,3022098.0
115/07/21,2382,廣達,324.0,22568430.0
115/07/21,2408,南亞科,405.0,70570915.0
115/07/21,2454,聯發科,3670.0,7741511.0
115/07/21,2634,漢翔,71.5,92665583.0
115/07/21,3005,神基,116.5,10271721.0
115/07/21,3006,晶豪科,199.5,6364922.0
115/07/21,3014,聯陽,129.5,799318.0
115/07/21,3017,奇鋐,2320.0,3736446.0
115/07/21,3034,聯詠,476.0,4333720.0
115/07/21,3035,智原,194.5,3522625.0
115/07/21,3037,欣興,825.0,18816207.0
115/07/21,3081,,1515.0,1508000.0
115/07/21,3094,聯傑,38.65,3849398.0
115/07/21,3231,緯創,149.5,36192970.0
115/07/21,3260,,368.5,4378000.0
115/07/21,3443,創意,4115.0,1416745.0
115/07/21,3583,辛耘,750.0,958363.0
115/07/21,3653,健策,3520.0,2017560.0
115/07/21,3661,世芯-KY,3490.0,1468143.0
115/07/21,3711,日月光投控,633.0,15573369.0
115/07/21,4577,,69.5,179000.0
115/07/21,4938,和碩,82.8,9557341.0
115/07/21,4966,,583.0,562000.0
115/07/21,4967,十銓,214.0,1241201.0
115/07/21,5269,祥碩,1410.0,642195.0
115/07/21,5347,,155.5,24334000.0
115/07/21,5371,,89.5,39252000.0
115/07/21,6415,矽力*-KY,461.5,2773645.0
115/07/21,6488,,1205.0,12928000.0
115/07/21,6531,愛普*,858.0,2388062.0
115/07/21,6669,緯穎,5000.0,1129418.0
115/07/21,8033,雷虎,214.0,22034619.0
115/07/21,8046,南電,1190.0,16995210.0
115/07/21,8299,,1855.0,2959000.0
115/07/22,2049,上銀,320.5,2470512.0
115/07/22,2303,聯電,139.0,176785970.0
115/07/22,2308,台達電,1880.0,11813364.0
115/07/22,2317,鴻海,251.5,67787081.0
115/07/22,2330,台積電,2400.0,31653123.0
115/07/22,2337,旺宏,135.0,54882537.0
115/07/22,2344,華邦電,171.0,97387194.0
115/07/22,2376,技嘉,348.0,7898953.0
115/07/22,2379,瑞昱,743.0,4502375.0
115/07/22,2382,廣達,329.0,23698660.0
115/07/22,2408,南亞科,445.5,63907084.0
115/07/22,2454,聯發科,3850.0,13766807.0
115/07/22,2634,漢翔,64.4,153710865.0
115/07/22,3005,神基,114.5,5193842.0
115/07/22,3006,晶豪科,217.5,10246929.0
115/07/22,3014,聯陽,133.0,1043875.0
115/07/22,3017,奇鋐,2265.0,4356001.0
115/07/22,3034,聯詠,501.0,6652240.0
115/07/22,3035,智原,199.0,4881431.0
115/07/22,3037,欣興,907.0,25034100.0
115/07/22,3081,,1665.0,780000.0
115/07/22,3094,聯傑,38.15,3731692.0
115/07/22,3231,緯創,164.0,94856772.0
115/07/22,3260,,379.5,6356000.0
115/07/22,3443,創意,4370.0,2504634.0
115/07/22,3583,辛耘,767.0,947730.0
115/07/22,3653,健策,3500.0,2074379.0
115/07/22,3661,世芯-KY,3590.0,1558375.0
115/07/22,3711,日月光投控,656.0,22726328.0
115/07/22,4938,和碩,84.4,15836628.0
115/07/22,4966,,612.0,648000.0
115/07/22,4967,十銓,218.5,1893230.0
115/07/22,5269,祥碩,1415.0,350184.0
115/07/22,5347,,171.0,32456000.0
115/07/22,5371,,86.0,35805000.0
115/07/22,6415,矽力*-KY,483.5,4720583.0
115/07/22,6488,,1240.0,11636000.0
115/07/22,6531,愛普*,908.0,2632186.0
115/07/22,6669,緯穎,5500.0,3846206.0
115/07/22,8033,雷虎,196.5,22040043.0
115/07/22,8046,南電,1305.0,17115866.0
115/07/22,8299,,1915.0,4333000.0
115/07/23,2049,上銀,319.5,1813006.0
115/07/23,2303,聯電,138.5,115296489.0
115/07/23,2308,台達電,1880.0,6075442.0
115/07/23,2317,鴻海,257.5,63787974.0
115/07/23,2330,台積電,2405.0,28001492.0
115/07/23,2337,旺宏,129.5,67629271.0
115/07/23,2344,華邦電,161.0,157825138.0
115/07/23,2376,技嘉,354.5,7441425.0
115/07/23,2379,瑞昱,745.0,3392330.0
115/07/23,2382,廣達,336.0,24000085.0
115/07/23,2408,南亞科,426.0,89386639.0
115/07/23,2454,聯發科,3875.0,8514494.0
115/07/23,2634,漢翔,61.9,69201618.0
115/07/23,3005,神基,113.5,2400359.0
115/07/23,3006,晶豪科,212.5,7526171.0
115/07/23,3014,聯陽,131.5,1052902.0
115/07/23,3017,奇鋐,2440.0,7157581.0
115/07/23,3034,聯詠,503.0,4409880.0
115/07/23,3035,智原,193.0,3973627.0
115/07/23,3037,欣興,896.0,27135078.0
115/07/23,3081,,1830.0,2509000.0
115/07/23,3094,聯傑,36.85,1760333.0
115/07/23,3231,緯創,173.5,218008949.0
115/07/23,3260,,378.5,4470000.0
115/07/23,3443,創意,4380.0,1318309.0
115/07/23,3583,辛耘,759.0,707591.0
115/07/23,3653,健策,3710.0,2190495.0
115/07/23,3661,世芯-KY,3510.0,1286302.0
115/07/23,3711,日月光投控,649.0,15052087.0
115/07/23,4577,,73.3,496000.0
115/07/23,4938,和碩,87.2,29077949.0
115/07/23,4966,,612.0,434000.0
115/07/23,4967,十銓,217.0,1392280.0
115/07/23,5269,祥碩,1405.0,445950.0
115/07/23,5347,,168.5,21475000.0
115/07/23,5371,,82.1,17459000.0
115/07/23,6415,矽力*-KY,474.5,2493388.0
115/07/23,6488,,1120.0,8841000.0
115/07/23,6531,愛普*,904.0,2223208.0
115/07/23,6669,緯穎,5470.0,2391713.0
115/07/23,8033,雷虎,190.5,14266472.0
115/07/23,8046,南電,1230.0,19046443.0
115/07/23,8299,,1920.0,3113000.0
115/07/24,2049,上銀,313.0,1107594.0
115/07/24,2303,聯電,128.0,152268547.0
115/07/24,2308,台達電,1785.0,7041974.0
115/07/24,2317,鴻海,252.5,33694573.0
115/07/24,2330,台積電,2350.0,24810509.0
115/07/24,2337,旺宏,124.0,39475036.0
115/07/24,2344,華邦電,154.5,135375417.0
115/07/24,2376,技嘉,354.5,7613423.0
115/07/24,2379,瑞昱,744.0,3184242.0
115/07/24,2382,廣達,328.0,11901559.0
115/07/24,2408,南亞科,401.0,80045856.0
115/07/24,2454,聯發科,3750.0,8980102.0
115/07/24,2634,漢翔,65.4,92975275.0
115/07/24,3005,神基,113.0,2291953.0
115/07/24,3006,晶豪科,206.0,6809372.0
115/07/24,3014,聯陽,129.0,2780693.0
115/07/24,3017,奇鋐,2380.0,4515686.0
115/07/24,3034,聯詠,507.0,4205145.0
115/07/24,3035,智原,197.5,4571009.0
115/07/24,3037,欣興,839.0,19813146.0
115/07/24,3081,,1760.0,10211000.0
115/07/24,3094,聯傑,36.2,1491736.0
115/07/24,3231,緯創,179.0,179841065.0
115/07/24,3260,,383.0,11129000.0
115/07/24,3443,創意,4070.0,1934100.0
115/07/24,3583,辛耘,715.0,898968.0
115/07/24,3653,健策,3430.0,1931238.0
115/07/24,3661,世芯-KY,3405.0,1727518.0
115/07/24,3711,日月光投控,613.0,17595449.0
115/07/24,4577,,69.7,296000.0
115/07/24,4938,和碩,88.4,20105535.0
115/07/24,4966,,611.0,538000.0
115/07/24,4967,十銓,218.5,3743707.0
115/07/24,5269,祥碩,1385.0,317954.0
115/07/24,5347,,157.0,18349000.0
115/07/24,5371,,81.9,22180000.0
115/07/24,6415,矽力*-KY,467.5,2818667.0
115/07/24,6488,,1030.0,12256000.0
115/07/24,6531,愛普*,858.0,2231391.0
115/07/24,6669,緯穎,5730.0,3046640.0
115/07/24,8033,雷虎,187.0,20294284.0
115/07/24,8046,南電,1110.0,11188398.0
115/07/24,8299,,1825.0,5071000.0
115/07/27,2049,上銀,323.0,1420137.0
115/07/27,2303,聯電,126.0,219388398.0
115/07/27,2308,台達電,1755.0,9935415.0
115/07/27,2317,鴻海,253.0,35908207.0
115/07/27,2330,台積電,2350.0,28939466.0
115/07/27,2337,旺宏,125.5,37415793.0
115/07/27,2344,華邦電,160.0,110420180.0
115/07/27,2376,技嘉,349.5,6567620.0
115/07/27,2379,瑞昱,762.0,4836298.0
115/07/27,2382,廣達,322.0,19764190.0
115/07/27,2408,南亞科,436.0,81191012.0
115/07/27,2454,聯發科,3680.0,9134283.0
115/07/27,2634,漢翔,61.8,46349008.0
115/07/27,3005,神基,112.5,2546372.0
115/07/27,3006,晶豪科,212.0,7223711.0
115/07/27,3014,聯陽,131.0,712038.0
115/07/27,3017,奇鋐,2400.0,2367643.0
115/07/27,3034,聯詠,518.0,3669875.0
115/07/27,3035,智原,200.5,5095888.0
115/07/27,3037,欣興,848.0,15654238.0
115/07/27,3081,,1805.0,6204000.0
115/07/27,3094,聯傑,35.55,1052299.0
115/07/27,3231,緯創,177.0,109006063.0
115/07/27,3260,,402.0,6929000.0
115/07/27,3443,創意,4050.0,1820157.0
115/07/27,3583,辛耘,749.0,901379.0
115/07/27,3653,健策,3525.0,785394.0
115/07/27,3661,世芯-KY,3460.0,1458503.0
115/07/27,3711,日月光投控,608.0,16184191.0
115/07/27,4577,,70.3,157000.0
115/07/27,4938,和碩,87.4,12609475.0
115/07/27,4966,,615.0,709000.0
115/07/27,4967,十銓,223.5,1719137.0
115/07/27,5269,祥碩,1385.0,358319.0
115/07/27,5347,,157.0,14861000.0
115/07/27,5371,,80.6,8827000.0
115/07/27,6415,矽力*-KY,449.0,3353442.0
115/07/27,6488,,1065.0,5780000.0
115/07/27,6531,愛普*,773.0,4339503.0
115/07/27,6669,緯穎,5745.0,1821304.0
115/07/27,8033,雷虎,186.0,2106219.0
115/07/27,8046,南電,1075.0,12128251.0
115/07/27,8299,,1820.0,4220000.0
115/07/29,2049,上銀,290.5,3939420.0
115/07/29,2303,聯電,102.5,271683852.0
115/07/29,2308,台達電,1495.0,22356467.0
115/07/29,2317,鴻海,237.0,84937463.0
115/07/29,2330,台積電,2200.0,68139691.0
115/07/29,2337,旺宏,102.0,79625991.0
115/07/29,2344,華邦電,130.0,86091045.0
115/07/29,2376,技嘉,321.5,7550654.0
115/07/29,2379,瑞昱,738.0,5605659.0
115/07/29,2382,廣達,309.5,28018749.0
115/07/29,2408,南亞科,353.5,56513023.0
115/07/29,2454,聯發科,3150.0,16174122.0
115/07/29,2634,漢翔,60.7,47339742.0
115/07/29,3005,神基,107.0,5318267.0
115/07/29,3006,晶豪科,172.0,8852258.0
115/07/29,3014,聯陽,121.0,1516071.0
115/07/29,3017,奇鋐,2095.0,6379050.0
115/07/29,3034,聯詠,505.0,6245317.0
115/07/29,3035,智原,167.0,4556173.0
115/07/29,3037,欣興,688.0,30987156.0
115/07/29,3081,,1540.0,4163000.0
115/07/29,3094,聯傑,30.75,2012065.0
115/07/29,3231,緯創,169.5,155521276.0
115/07/29,3260,,394.0,31064000.0
115/07/29,3443,創意,3295.0,2438225.0
115/07/29,3583,辛耘,624.0,1095076.0
115/07/29,3653,健策,3310.0,2191298.0
115/07/29,3661,世芯-KY,2805.0,3146953.0
115/07/29,3711,日月光投控,499.0,23571701.0
115/07/29,4577,,69.6,3979000.0
115/07/29,4938,和碩,82.0,10809853.0
115/07/29,4966,,561.0,1474000.0
115/07/29,4967,十銓,218.5,5068421.0
115/07/29,5269,祥碩,1450.0,1508908.0
115/07/29,5347,,133.0,28825000.0
115/07/29,5371,,71.5,16833000.0
115/07/29,6415,矽力*-KY,375.5,7858735.0
115/07/29,6488,,864.0,4996000.0
115/07/29,6531,愛普*,627.0,4299365.0
115/07/29,6669,緯穎,5135.0,2854613.0
115/07/29,8033,雷虎,157.0,1651083.0
115/07/29,8046,南電,879.0,13363060.0
115/07/29,8299,,1515.0,8834000.0
115/07/30,2049,上銀,283.0,2426478.0
115/07/30,2303,聯電,110.0,376328814.0
115/07/30,2308,台達電,1530.0,22598605.0
115/07/30,2317,鴻海,229.5,77132664.0
115/07/30,2330,台積電,2205.0,51372177.0
115/07/30,2337,旺宏,91.8,94668252.0
115/07/30,2344,華邦電,118.5,211417971.0
115/07/30,2376,技嘉,318.5,5338506.0
115/07/30,2379,瑞昱,697.0,5860385.0
115/07/30,2382,廣達,279.0,60476779.0
115/07/30,2408,南亞科,328.0,120154208.0
115/07/30,2454,聯發科,3235.0,14125689.0
115/07/30,2634,漢翔,58.6,23315604.0
115/07/30,3005,神基,110.0,4161316.0
115/07/30,3006,晶豪科,164.0,11408491.0
115/07/30,3014,聯陽,119.5,1190764.0
115/07/30,3017,奇鋐,2110.0,4483632.0
115/07/30,3034,聯詠,491.0,4259195.0
115/07/30,3035,智原,150.5,11081627.0
115/07/30,3037,欣興,716.0,51045032.0
115/07/30,3081,,1485.0,4754000.0
115/07/30,3094,聯傑,31.7,5513347.0
115/07/30,3231,緯創,160.0,82602193.0
115/07/30,3260,,378.5,21436000.0
115/07/30,3443,創意,3460.0,3078508.0
115/07/30,3583,辛耘,594.0,788149.0
115/07/30,3653,健策,3135.0,1698046.0
115/07/30,3661,世芯-KY,2785.0,3156750.0
115/07/30,3711,日月光投控,505.0,31004999.0
115/07/30,4577,,62.7,859000.0
115/07/30,4938,和碩,80.5,11096830.0
115/07/30,4966,,532.0,1100000.0
115/07/30,4967,十銓,212.5,4528044.0
115/07/30,5269,祥碩,1305.0,1375024.0
115/07/30,5347,,138.0,39010000.0
115/07/30,5371,,68.5,8881000.0
115/07/30,6415,矽力*-KY,375.5,6257777.0
115/07/30,6488,,778.0,10441000.0
115/07/30,6531,愛普*,607.0,9513602.0
115/07/30,6669,緯穎,4900.0,2283686.0
115/07/30,8033,雷虎,150.0,1582387.0
115/07/30,8046,南電,837.0,40319290.0
115/07/30,8299,,1495.0,7251000.0
